cleaned_name,rows,raw_examples
QUEENS QUAY,14,QUEEN'S QUAY - UNION | QUEEN'S QUAY STATION | QUEENS QUAY (UNION) | QUEENS QUAY STATION | QUEENS QUAY STATION (
GO PROTOCOL,6,"GO PROTOCOL | GO PROTOCOL - BARRIE L | GO PROTOCOL - DANFORTH | GO PROTOCOL - UNION TO | GO PROTOCOL - UNION, D"
LEASIDE,5,LEASIDE STATION
,3,(APPROACHING) | (APPROACHING) KENNEDY | STATION
BLOOR SOUTH,3,BLOOR SOUTH
KING COMMERCE COURT,3,KING COMMERCE COURT
QUEEN ALBERT,3,QUEEN ALBERT
QUEENS QUAY ELEVATOR,3,QUEEN'S QUAY ELEVATOR | QUEENS QUAY ELEVATOR
APPROACHING DUNDAS WES,2,APPROACHING DUNDAS WES
AVENUE,2,AVENUE STATION
EA BLOOR DANFORTH OSSI,2,EA BLOOR DANFORTH OSSI
EATON CENTRE,2,EATON CENTRE | EATON CENTRE - DUNDAS
GREENWOOD GATEHOUSE,2,GREENWOOD GATEHOUSE
GUNN THEATRE,2,GUNN THEATRE
KENNEDY PLATFORM 2,2,KENNEDY PLATFORM 2
KING COMMERCE,2,KING COMMERCE
KIPLING PLATFORM 2,2,KIPLING PLATFORM 2
KIPLING TAIL 2,2,KIPLING TAIL 2
LAWRENCE WEST CENTRE T,2,LAWRENCE WEST CENTRE T
LEAVING SHEPPARD YONGE,2,LEAVING SHEPPARD-YONGE | LEAVING SHEPPARD/YONGE
LEAVING YONGE SHEPPARD,2,LEAVING YONGE-SHEPPARD | LEAVING YONGE/SHEPPARD
MACDONALD CARTIER EMER,2,MACDONALD CARTIER EMER
OPEN CUT AREAS,2,OPEN CUT AREAS
QUEEN QUAY,2,QUEEN QUAY STATION
RUSSELL HILL EMERGENCY,2,RUSSELL HILL EMERGENCY
SCARBOROUGH,2,SCARBOROUGH RT | SCARBOROUGH SRT
SHEPPARD TAIL,2,SHEPPARD TAIL
ST CLAIR WEST CENTRE T,2,ST CLAIR WEST CENTRE T
ST GEORGE BEDFORD,2,ST GEORGE BEDFORD | ST GEORGE/BEDFORD
VAUGHAN METRO CENTRE S,2,VAUGHAN METRO CENTRE S
VMC PLATFORM 1,2,VMC PLATFORM 1
YORK MILLS CENTER TRAC,2,YORK MILLS CENTER TRAC
YOUNGE UNIVERSITY SPAD,2,YOUNGE UNIVERSITY SPAD | YOUNGE-UNIVERSITY-SPAD
1 ST CLAIR AVENUE EAST,1,1 ST CLAIR AVENUE EAST
1900 YONGE MCBRIEN BLD,1,1900 YONGE MCBRIEN BLD
2200 YONGE,1,2200 YONGE - EGLINTON
2233 SHEPPARD WEST,1,2233 SHEPPARD WEST
34 ASQUITH,1,34 ASQUITH
35 WHITE HEATHER BLVD,1,35 WHITE HEATHER BLVD
391 ALLIANCE,1,391 ALLIANCE
40 CARL HALL ROAD UNIT,1,40 CARL HALL ROAD UNIT
563 SHERBOURNE,1,563 SHERBOURNE (SHERBO
ALL OPEN CUT AREA,1,ALL OPEN CUT AREA
ALL OPEN CUTS,1,ALL OPEN CUTS
ALLEN RD,1,ALLEN RD (N OF EGLINTO
APPRAOCHING KENNEDY,1,APPRAOCHING KENNEDY BD
APPROACHING CHESTER ST,1,APPROACHING CHESTER ST
APPROACHING CHRISTIE,1,APPROACHING CHRISTIE
APPROACHING FINCH,1,APPROACHING FINCH STAT
APPROACHING KIPLING,1,APPROACHING KIPLING
APPROACHING KIPLING ST,1,APPROACHING KIPLING ST
APPROACHING OLD MILL S,1,APPROACHING OLD MILL S
APPROACHING ST CLAIR W,1,APPROACHING ST CLAIR W
APPROACHING WOODBINE S,1,APPROACHING WOODBINE S
APPROCHING OLD MILL ST,1,APPROCHING OLD MILL ST
ATC AREA,1,ATC AREA
ATC FAILURE,1,ATC FAILURE
ATC TERRIROTY,1,ATC TERRIROTY
ATC TERRITORY,1,ATC TERRITORY
AVENUE ECLRT,1,AVENUE ECLRT STATION
B W BLOOR DANFORTH SUB,1,B/W BLOOR DANFORTH SUB
BLOOR HAYDEN ENTRANCE,1,BLOOR HAYDEN ENTRANCE
BLOOR VIA DUCT,1,BLOOR VIA DUCT
BLOOR YU YONGE BD ST,1,BLOOR YU / YONGE BD ST
BRIDGEMAN LOT,1,BRIDGEMAN LOT
BROADVIEW CASTLE FRAN,1,"BROADVIEW, CASTLE FRAN"
BUCHAN ESB,1,BUCHAN ESB
CALENDONIA,1,CALENDONIA STATION
CELEDONIA,1,CELEDONIA STATION
CHRISTIE CENTER,1,CHRISTIE CENTER
CLANTON PARK,1,CLANTON PARK
CLANTON PARK EMERGENCY,1,CLANTON PARK EMERGENCY
CLANTON PARK ESB,1,CLANTON PARK ESB
CLEAR FINCH,1,CLEAR FINCH STATION-PL
CNE EAST LOOP,1,CNE EAST LOOP
DANFORTH,1,DANFORTH
DAVISVILLE BUID UP,1,DAVISVILLE BUID-UP
DAVISVILLE BUILDD UP,1,DAVISVILLE BUILDD UP
DAVISVILLE OFFICES,1,DAVISVILLE OFFICES
DAVISVILLE STRUCTURE,1,DAVISVILLE STRUCTURE
DAVISVILLE SYO BUILD U,1,DAVISVILLE SYO BUILD U
DOWNSVIEW PARK BLOOR,1,DOWNSVIEW PARK / BLOOR
DOWNSVIEW SUB,1,DOWNSVIEW SUB STATION
DOWNSVIEWSTATION,1,DOWNSVIEWSTATION
DUNCAN WAREHOUSE,1,DUNCAN WAREHOUSE
DUNDAS APPROACHING,1,DUNDAS APPROACHING
DUPLEX AVENUE,1,DUPLEX AVENUE
E END BROADVIEW,1,E/END BROADVIEW - W/EN
E13,1,E13
EASTBOUND,1,EASTBOUND - BETWEEN SH
EGLINTON PSUDO,1,EGLINTON PSUDO STATION
ELLIS BRIDGE,1,ELLIS BRIDGE
ENTERING,1,ENTERING - WARDEN STAT
ENTERING END,1,ENTERING END - CASTLE
ENTERING LESLIE,1,ENTERING LESLIE STATIO
ENTERING VICTORIA PARK,1,ENTERING VICTORIA PARK
FICNH,1,FICNH STATION
FINCH PLAT 1,1,FINCH PLAT 1
FINCH PLATFORM 1,1,FINCH PLATFORM 1
FINCH PLATFORM 2,1,FINCH PLATFORM 2
FINCH PLATFORM ONE,1,FINCH PLATFORM ONE
FINCH PLATFROM 2,1,FINCH PLATFROM 2
FINCH STN 39 BUS,1,FINCH STN 39 BUS PLATF
FINCH TAIL,1,FINCH TAIL
FINCH TAIL #1,1,FINCH TAIL #1
FINCH TAIL #2,1,FINCH TAIL #2
FINCH TOWER,1,FINCH TOWER
FINCH WEST CENTER TRAC,1,FINCH WEST CENTER TRAC
GLEN CEDAR EMERGENCY A,1,GLEN CEDAR EMERGENCY A
GO PROTOCOL UNION,1,GO PROTOCOL- UNION - K
GOLDEN MILE,1,GOLDEN MILE STATION (E
GREENWOOD PLANT BUILDI,1,GREENWOOD PLANT BUILDI
GREENWOOD WOOD,1,GREENWOOD WOOD
IMPERIAL ST,1,IMPERIAL ST (NORTH OF
KENNEDY BD CROSSOVER,1,KENNEDY BD CROSSOVER
KENNEDY DON MILLS SC,1,"KENNEDY, DON MILLS, SC"
KENNEDY ECLRT,1,KENNEDY ECLRT STATION
KENNEDY PLAT 1,1,KENNEDY PLAT 1
KENNEDY PLATFORM #2,1,KENNEDY PLATFORM #2
KENNEDY PLATFORM 1,1,KENNEDY PLATFORM 1
KENNEDY PLATFROM 1,1,KENNEDY PLATFROM 1
KIPLING PLAT #2,1,KIPLING PLAT #2
KIPLING PLATFORM # 1,1,KIPLING PLATFORM # 1
LATE OPENING,1,LATE OPENING - ST. GEO
LAWRENCE SUB,1,LAWRENCE SUB STATION
LAWRENCE WEST CENTER T,1,LAWRENCE WEST CENTER T
LAWRENCE WEST CENTRE,1,LAWRENCE WEST CENTRE
LAWRENCE WEST ST ANDR,1,LAWRENCE WEST- ST ANDR
LEAVING DON MILLS,1,LEAVING DON MILLS
LEAVING ISLINGTON,1,LEAVING ISLINGTON
LEAVING KENNEDY,1,LEAVING KENNEDY STATIO
LEAVING KIPLING,1,LEAVING KIPLING STATIO
LEAVING LAWRENCE EAST,1,LEAVING LAWRENCE EAST
LEAVING PAPE,1,LEAVING PAPE
LEAVING SHEPPARD,1,LEAVING SHEPPARD STATI
LIEN 1,1,LIEN 1 - YONGE-UNIVERS
LOST ARTICLES OFFICE,1,LOST ARTICLES OFFICE -
MACDONALD CARTIER ESB,1,MACDONALD CARTIER ESB
MAINLINE STORAGE,1,MAINLINE STORAGE
MAINLINE STORAGE LOG,1,MAINLINE STORAGE LOG
MC BRIEN,1,MC BRIEN
MCBRIEN BUIDING,1,MCBRIEN BUIDING
MCCOWAN PARKING LOT,1,MCCOWAN PARKING LOT
MCDONALD CARTIER EMERG,1,MCDONALD CARTIER EMERG
MIDLAND APPROACHING,1,MIDLAND APPROACHING
MILL STREET EMERGENCY,1,MILL STREET EMERGENCY
MOORE GATE,1,MOORE GATE
MULTIPLE STATIONS,1,MULTIPLE STATIONS
N O DAVISVILLE,1,N/O DAVISVILLE STATION
OPEN CUTS,1,OPEN CUTS
OSSINGTON CENTRE,1,OSSINGTON CENTRE
OUTSIDE SPADINA,1,OUTSIDE SPADINA STATIO
PATTON BULDING,1,PATTON BULDING
PLANT OPS BLDG,1,PLANT OPS BLDG
PLATFORM 2 FINCH,1,PLATFORM 2 FINCH
PRINCE EDWARD SUBSTATI,1,PRINCE EDWARD SUBSTATI
QUEENS QUAY ELEAVATOR,1,QUEENS QUAY ELEAVATOR
QUEENS QUAY LOOP,1,QUEENS QUAY LOOP
RIDELLE AVE BRIDGE,1,RIDELLE AVE BRIDGE
ROSEDALE WELLESLEY,1,ROSEDALE-WELLESLEY STA
RUSSEL HILL EMERGENCY,1,RUSSEL HILL EMERGENCY
SAFE APP,1,SAFE APP
SCARBOROUGH RAOID TRAN,1,SCARBOROUGH RAOID TRAN
SCARBOROUGH RAPID TRA,1,SCARBOROUGH RAPID TRA
SHEPPARD DISTRUBTION,1,SHEPPARD DISTRUBTION
SHEPPARD YONGE DON MI,1,SHEPPARD YONGE -DON MI
SHEPPARD YONGE RAMPS,1,SHEPPARD-YONGE RAMPS
SHEPPARD YONGE TAIL,1,SHEPPARD-YONGE TAIL
SHEPPARDSTATION,1,SHEPPARDSTATION
SLOW ZONE LAWRENCE EAS,1,SLOW ZONE LAWRENCE EAS
SOUTH BOUND SOUTH OF L,1,SOUTH BOUND SOUTH OF L
SOUTH OF LAWRENCE,1,SOUTH OF LAWRENCE SRT
SOUTH OF MIDLAND,1,SOUTH OF MIDLAND SRT
ST CLAIR E OF BATHURST,1,ST CLAIR E OF BATHURST
ST CLAIR E OF YONGE,1,ST CLAIR E OF YONGE
ST CLAIR WEST AUTOMATI,1,ST CLAIR WEST AUTOMATI
TETRA RADIO ZONE YU SH,1,TETRA RADIO ZONE YU/SH
TORONTO TRANSIC COMMIS,1,TORONTO TRANSIC COMMIS
TORONTO TRANSIT COMMII,1,TORONTO TRANSIT COMMII
TOROTOTO TRANSIT COMMI,1,TOROTOTO TRANSIT COMMI
UNION DOWNSVIEW PARK,1,"UNION, DOWNSVIEW PARK,"
UNION EXHIBITION MIM,1,"UNION, EXHIBITION, MIM"
UNION KIPLING ROYAL,1,"UNION, KIPLING, ROYAL"
UNION MAIN KENNEDY S,1,"UNION, MAIN, KENNEDY S"
UNION TOWARD ST ANDREW,1,UNION TOWARD ST ANDREW
VMC PL 1,1,VMC PL 1
VMC PLATFORM # 1,1,VMC PLATFORM # 1
W END WOODBINE,1,W/END WOODBINE - W/O C
WELBECK,1,WELBECK
WELLBECK EMERGENCY,1,WELLBECK EMERGENCY
WEST OF OLD MILL,1,WEST OF OLD MILL STATI
WILSON HOLSER,1,WILSON HOLSER
WILSON HUSTLER ONE,1,WILSON HUSTLER ONE
WILSON STRUCTURE BUILD,1,WILSON STRUCTURE BUILD
WILSON SUB,1,WILSON SUB STATION
WISLON,1,WISLON STATION
YONGE 1,1,YONGE 1
YONGE AUTO ENTRANCE,1,YONGE AUTO ENTRANCE
YONGE DUNDAS SQUARE,1,YONGE-DUNDAS SQUARE
YONGE SHEPPARD SATATIO,1,YONGE SHEPPARD SATATIO
YONGE UNIVERISITY BLOO,1,YONGE/UNIVERISITY-BLOO
YONGE UNIVERSITTY,1,YONGE UNIVERSITTY - BL
YONGE UNIVESITY,1,YONGE UNIVESITY
YONGE UNIVRESITY BLOOR,1,YONGE UNIVRESITY/BLOOR
YORK MILLS CENTRE,1,YORK MILLS CENTRE
YORK UNIVERSTITY DOWN,1,"YORK UNIVERSTITY, DOWN"
YU YONGE UNIVERSITY S,1,YU- YONGE-UNIVERSITY S
YUS BD,1,YUS/BD/SRT
ZONE 1,1,ZONE 1
ZONE 2,1,ZONE 2
