alias,line_code,station_code,note
BLOOR,BD,BD_BLOOR_YONGE,"Line 1 side is logged as BLOOR, Line 2 side as YONGE BD"
BLOOR,,YU_BLOOR_YONGE,
YONGE,BD,BD_BLOOR_YONGE,
YONGE,SHP,SHP_SHEPPARD_YONGE,"YONGE SHP STATION = Sheppard-Yonge, Line 4 platform"
YONGE,YU,YU_BLOOR_YONGE,
YONGE,,BD_BLOOR_YONGE,
BLOOR YONGE,BD,BD_BLOOR_YONGE,
SHEPPARD,SHP,SHP_SHEPPARD_YONGE,Sheppard station was renamed Sheppard-Yonge
SHEPPARD,,YU_SHEPPARD_YONGE,
SHEPPARD YONGE,SHP,SHP_SHEPPARD_YONGE,
DUNDAS,,YU_TMU,Dundas station renamed TMU in 2024
TMU,,YU_TMU,
EGLINTON WEST,,YU_CEDARVALE,Eglinton West station renamed Cedarvale
CEDARVALE,,YU_CEDARVALE,
DOWNSVIEW,,YU_SHEPPARD_WEST,Downsview station renamed Sheppard West in 2017
SHEPPARD WEST,,YU_SHEPPARD_WEST,
VMC,,YU_VAUGHAN_MC,
VAUGHAN MC,,YU_VAUGHAN_MC,
VAUGHAN,,YU_VAUGHAN_MC,
VAUGHAN METROPOLITAN,,YU_VAUGHAN_MC,
VAUGHAN METRO,,YU_VAUGHAN_MC,
NORTH YORK CTR,,YU_NORTH_YORK_CENTRE,
NORTH YORK CENTER,,YU_NORTH_YORK_CENTRE,
NORTH YORK,,YU_NORTH_YORK_CENTRE,
SCARB CTR,,SRT_SCARBOROUGH_CENTRE,
SCARBOROUGH CTR,,SRT_SCARBOROUGH_CENTRE,
SCARBOROUGH CENTER,,SRT_SCARBOROUGH_CENTRE,
SCARBOROUGH TOWN CENTRE,,SRT_SCARBOROUGH_CENTRE,
STC,,SRT_SCARBOROUGH_CENTRE,
MAIN,,BD_MAIN_STREET,
MAIN ST,,BD_MAIN_STREET,
HWY 407,,YU_HIGHWAY_407,
HIGHWAY 407,,YU_HIGHWAY_407,
407,,YU_HIGHWAY_407,
YORK U,,YU_YORK_UNIVERSITY,
YORK UNIVERSITY,,YU_YORK_UNIVERSITY,
PIONEER VILLAGE,,YU_PIONEER_VILLAGE,
QUEENS PARK,,YU_QUEENS_PARK,
VIC PARK,,BD_VICTORIA_PARK,
KENNEDY,SRT,SRT_KENNEDY,
YONGE SHEPPARD,SHP,SHP_SHEPPARD_YONGE,
YONGE SHEPPARD,,YU_SHEPPARD_YONGE,
YONGE BLOOR,BD,BD_BLOOR_YONGE,
YONGE BLOOR,,YU_BLOOR_YONGE,
