station_code,station_name,line_code,opened,closed
YU_FINCH,Finch,YU,,
YU_NORTH_YORK_CENTRE,North York Centre,YU,,
YU_SHEPPARD_YONGE,Sheppard-Yonge,YU,,
YU_YORK_MILLS,York Mills,YU,,
YU_LAWRENCE,Lawrence,YU,,
YU_EGLINTON,Eglinton,YU,,
YU_DAVISVILLE,Davisville,YU,,
YU_ST_CLAIR,St Clair,YU,,
YU_SUMMERHILL,Summerhill,YU,,
YU_ROSEDALE,Rosedale,YU,,
YU_BLOOR_YONGE,Bloor-Yonge,YU,,
YU_WELLESLEY,Wellesley,YU,,
YU_COLLEGE,College,YU,,
YU_TMU,TMU (Dundas),YU,,
YU_QUEEN,Queen,YU,,
YU_KING,King,YU,,
YU_UNION,Union,YU,,
YU_ST_ANDREW,St Andrew,YU,,
YU_OSGOODE,Osgoode,YU,,
YU_ST_PATRICK,St Patrick,YU,,
YU_QUEENS_PARK,Queen's Park,YU,,
YU_MUSEUM,Museum,YU,,
YU_ST_GEORGE,St George,YU,,
YU_SPADINA,Spadina,YU,,
YU_DUPONT,Dupont,YU,,
YU_ST_CLAIR_WEST,St Clair West,YU,,
YU_CEDARVALE,Cedarvale (Eglinton West),YU,,
YU_GLENCAIRN,Glencairn,YU,,
YU_LAWRENCE_WEST,Lawrence West,YU,,
YU_YORKDALE,Yorkdale,YU,,
YU_WILSON,Wilson,YU,,
YU_SHEPPARD_WEST,Sheppard West (Downsview),YU,,
YU_DOWNSVIEW_PARK,Downsview Park,YU,2017-12-17,
YU_FINCH_WEST,Finch West,YU,2017-12-17,
YU_YORK_UNIVERSITY,York University,YU,2017-12-17,
YU_PIONEER_VILLAGE,Pioneer Village,YU,2017-12-17,
YU_HIGHWAY_407,Highway 407,YU,2017-12-17,
YU_VAUGHAN_MC,Vaughan Metropolitan Centre,YU,2017-12-17,
BD_KIPLING,Kipling,BD,,
BD_ISLINGTON,Islington,BD,,
BD_ROYAL_YORK,Royal York,BD,,
BD_OLD_MILL,Old Mill,BD,,
BD_JANE,Jane,BD,,
BD_RUNNYMEDE,Runnymede,BD,,
BD_HIGH_PARK,High Park,BD,,
BD_KEELE,Keele,BD,,
BD_DUNDAS_WEST,Dundas West,BD,,
BD_LANSDOWNE,Lansdowne,BD,,
BD_DUFFERIN,Dufferin,BD,,
BD_OSSINGTON,Ossington,BD,,
BD_CHRISTIE,Christie,BD,,
BD_BATHURST,Bathurst,BD,,
BD_SPADINA,Spadina,BD,,
BD_ST_GEORGE,St George,BD,,
BD_BAY,Bay,BD,,
BD_BLOOR_YONGE,Bloor-Yonge,BD,,
BD_SHERBOURNE,Sherbourne,BD,,
BD_CASTLE_FRANK,Castle Frank,BD,,
BD_BROADVIEW,Broadview,BD,,
BD_CHESTER,Chester,BD,,
BD_PAPE,Pape,BD,,
BD_DONLANDS,Donlands,BD,,
BD_GREENWOOD,Greenwood,BD,,
BD_COXWELL,Coxwell,BD,,
BD_WOODBINE,Woodbine,BD,,
BD_MAIN_STREET,Main Street,BD,,
BD_VICTORIA_PARK,Victoria Park,BD,,
BD_WARDEN,Warden,BD,,
BD_KENNEDY,Kennedy,BD,,
SRT_KENNEDY,Kennedy,SRT,,2023-07-24
SRT_LAWRENCE_EAST,Lawrence East,SRT,,2023-07-24
SRT_ELLESMERE,Ellesmere,SRT,,2023-07-24
SRT_MIDLAND,Midland,SRT,,2023-07-24
SRT_SCARBOROUGH_CENTRE,Scarborough Centre,SRT,,2023-07-24
SRT_MCCOWAN,McCowan,SRT,,2023-07-24
SHP_SHEPPARD_YONGE,Sheppard-Yonge,SHP,,
SHP_BAYVIEW,Bayview,SHP,,
SHP_BESSARION,Bessarion,SHP,,
SHP_LESLIE,Leslie,SHP,,
SHP_DON_MILLS,Don Mills,SHP,,
