cleaned_name,station_code,decision,note
GLENCARIN,YU_GLENCAIRN,accept,typo
MC COWAN,SRT_MCCOWAN,accept,spacing
BESSARIAN,SHP_BESSARION,accept,typo
KILPING,BD_KIPLING,accept,typo
OLD MILLS,BD_OLD_MILL,accept,plural
SCARBOROUGH TOWN CENTR,SRT_SCARBOROUGH_CENTRE,accept,truncated
BATHUSRT,BD_BATHURST,accept,typo
DON MLLS,SHP_DON_MILLS,accept,typo
DOWNVIEW PARK,YU_DOWNSVIEW_PARK,accept,typo
DUNDA WEST,BD_DUNDAS_WEST,accept,typo
EGINTON,YU_EGLINTON,accept,typo
GLENACAIRN,YU_GLENCAIRN,accept,typo
ISLINTON,BD_ISLINGTON,accept,typo
KENENDY,BD_KENNEDY,accept,typo
KENNDY,BD_KENNEDY,accept,typo
LANDOWNE,BD_LANSDOWNE,accept,typo
LANDSDOWNE,BD_LANSDOWNE,accept,typo
LANSDOWN,BD_LANSDOWNE,accept,typo
LAWERENCE,YU_LAWRENCE,accept,typo
LAWRENCE WEST CT,YU_LAWRENCE_WEST,accept,trailing fragment
N O LAWRENCE WEST,YU_LAWRENCE_WEST,accept,"""north of"" Lawrence West"
OSSIGNTON,BD_OSSINGTON,accept,typo
PIONNER VILLAGE,YU_PIONEER_VILLAGE,accept,typo
QUEEN PARK,YU_QUEENS_PARK,accept,missing S
SCABOROUGH TOWN CENTRE,SRT_SCARBOROUGH_CENTRE,accept,typo
SCARB CENTRE,SRT_SCARBOROUGH_CENTRE,accept,abbreviation
SCARBOROUGH TOWN CENTE,SRT_SCARBOROUGH_CENTRE,accept,typo
SEHPPARD,YU_SHEPPARD_YONGE,accept,typo
SHEBOURNE,BD_SHERBOURNE,accept,typo
SHPPARD,YU_SHEPPARD_YONGE,accept,typo
ST CALIR,YU_ST_CLAIR,accept,typo
ST GEOGE,YU_ST_GEORGE,accept,typo
STR CLAIR WEST,YU_ST_CLAIR_WEST,accept,typo
SUMMER HILL,YU_SUMMERHILL,accept,spacing
VAUGHAN METRO CENTRE,YU_VAUGHAN_MC,accept,abbreviation
VICOTIA PARK,BD_VICTORIA_PARK,accept,typo
WELLSELEY,YU_WELLESLEY,accept,typo
WELLSLEY,YU_WELLESLEY,accept,typo
WILSO,YU_WILSON,accept,truncated
YORK UNIVERISTY,YU_YORK_UNIVERSITY,accept,typo
YORKDLAE,YU_YORKDALE,accept,typo
OSSINGTION,BD_OSSINGTON,accept,typo
LAWRENCE E,YU_LAWRENCE,reject,"truncated; could be Lawrence East (Line 3) or Lawrence East bus, not Lawrence (Line 1)"
